fold,n_heads,mlm_prob,n_layers,batch_size,hidden_size,d_ff,last_train_step,last_train_loss,best_eval_loss
5,1,0.15,1,128,512,2048,4800,2.3461,2.342205047607422
5,1,0.15,1,128,512,3072,4800,2.3421,2.3424737453460693
5,1,0.15,1,128,512,4096,4800,2.3423,2.342777967453003
5,1,0.15,1,128,768,2048,4800,2.3392,2.33603310585022
5,1,0.15,1,128,768,3072,4800,2.3373,2.3327434062957764
5,1,0.15,1,128,768,4096,4800,2.3363,2.33437180519104
5,1,0.15,1,128,1024,2048,4800,2.3361,2.334103584289551
5,1,0.15,1,128,1024,3072,4800,2.3357,2.3371474742889404
5,1,0.15,1,128,1024,4096,4800,2.3361,2.3381357192993164
5,1,0.2,1,128,512,2048,11600,2.3106,2.30812406539917
5,1,0.2,1,128,512,3072,6400,2.3338,2.349977731704712
5,1,0.2,1,128,512,4096,6400,2.3333,2.3460500240325928
5,1,0.2,1,128,768,2048,11600,2.298,2.303429126739502
5,1,0.2,1,128,768,3072,11600,2.2947,2.300717830657959
5,1,0.2,1,128,768,4096,11600,2.2927,2.3026132583618164
5,1,0.2,1,128,1024,2048,6400,2.3236,2.3473563194274902
5,1,0.2,1,128,1024,3072,11600,2.2866,2.2990663051605225
5,1,0.2,1,128,1024,4096,6400,2.3251,2.3481173515319824
5,1,0.25,1,128,512,2048,8800,2.3198,2.317214012145996
5,1,0.25,1,128,512,3072,8800,2.3162,2.314227104187012
5,1,0.25,1,128,512,4096,11600,2.3076,2.30481219291687
5,1,0.25,1,128,768,2048,8800,2.3103,2.317094326019287
5,1,0.25,1,128,768,3072,11600,2.2945,2.2966179847717285
5,1,0.25,1,128,768,4096,11600,2.2925,2.296018362045288
5,1,0.25,1,128,1024,2048,11600,2.2853,2.296966552734375
5,1,0.25,1,128,1024,3072,11600,2.2828,2.294968605041504
5,1,0.25,1,128,1024,4096,8800,2.3011,2.313889265060425
5,1,0.15,5,128,512,2048,4800,2.2798,2.3008782863616943
5,1,0.15,5,128,512,3072,4800,2.2815,2.303638458251953
5,1,0.15,5,128,512,4096,4800,2.2846,2.305929660797119
5,1,0.15,5,128,768,2048,4800,2.258,2.2970120906829834
5,1,0.15,5,128,768,3072,4800,2.2633,2.297542095184326
5,1,0.15,5,128,768,4096,4800,2.2676,2.3012733459472656
5,1,0.15,5,128,1024,2048,4800,2.2527,2.3055598735809326
5,1,0.15,5,128,1024,3072,4800,2.2603,2.313363075256348
5,1,0.15,5,128,1024,4096,4800,2.2678,2.311338186264038
5,1,0.2,5,128,512,2048,8800,2.2261,2.2605762481689453
5,1,0.2,5,128,512,3072,11600,2.1902,2.264453411102295
5,1,0.15,1,128,512,2048,4800,2.3458,2.342144012451172
5,1,0.15,1,128,512,3072,4800,2.3435,2.340125322341919
5,1,0.15,1,128,512,4096,4800,2.3426,2.340777635574341
5,1,0.15,1,128,768,2048,4800,2.3397,2.336378335952759
5,1,0.15,1,128,768,3072,4800,2.3395,2.336898803710937
5,1,0.15,1,128,768,4096,4800,2.3377,2.3367061614990234
5,1,0.15,1,128,1024,2048,4800,2.3351,2.335205078125
5,1,0.15,1,128,1024,3072,4800,2.3353,2.3373939990997314
5,1,0.15,1,128,1024,4096,8400,2.3079,2.329862356185913
5,1,0.2,1,128,512,2048,11600,2.3093,2.309906244277954
5,1,0.2,1,128,512,3072,6400,2.3331,2.349562883377075
5,1,0.2,1,128,512,4096,6400,2.3351,2.349213123321533
5,1,0.2,1,128,768,2048,6400,2.3292,2.349391460418701
5,1,0.2,1,128,768,3072,8800,2.3069,2.3032455444335938
5,1,0.2,1,128,768,4096,8800,2.3076,2.3036882877349854
5,1,0.2,1,128,1024,2048,6400,2.3249,2.346021890640259
5,1,0.2,1,128,1024,3072,6400,2.3214,2.3376197814941406
5,1,0.2,1,128,1024,4096,8800,2.3021,2.305004358291626
5,1,0.25,1,128,512,2048,8800,2.32,2.318180561065674
5,1,0.25,1,128,512,3072,11600,2.3068,2.3037917613983154
5,1,0.25,1,128,512,4096,8800,2.3179,2.315551519393921
5,1,0.25,1,128,768,2048,8800,2.3092,2.3144497871398926
5,1,0.25,1,128,768,3072,11600,2.294,2.292789936065674
5,1,0.25,1,128,768,4096,11600,2.2915,2.2966275215148926
5,1,0.25,1,128,1024,2048,11600,2.2872,2.2941489219665527
5,1,0.25,1,128,1024,3072,11600,2.2814,2.2954652309417725
5,1,0.25,1,128,1024,4096,8800,2.3023,2.3143069744110107
5,1,0.15,5,128,512,2048,4800,2.282,2.3004817962646484
5,1,0.15,5,128,512,3072,4800,2.2834,2.3044400215148926
5,1,0.15,5,128,512,4096,5200,2.2775,2.324525117874145
5,1,0.15,5,128,768,2048,4800,2.2603,2.302241802215576
5,1,0.15,5,128,768,3072,4800,2.2625,2.302393913269043
5,1,0.15,5,128,768,4096,4800,2.2683,2.2975564002990723
5,1,0.15,5,128,1024,2048,4800,2.2577,2.2962534427642822
5,1,0.15,5,128,1024,3072,4800,2.2614,2.3050897121429443
5,1,0.15,5,128,1024,4096,4800,2.2675,2.304758071899414
5,1,0.2,5,128,512,2048,8800,2.2274,2.2617626190185547
5,1,0.2,5,128,512,3072,8800,2.2258,2.263734579086304
5,1,0.2,5,128,512,4096,11600,2.1879,2.26615571975708
5,1,0.2,5,128,768,2048,8400,2.1804,2.269598484039306
5,1,0.2,5,128,768,3072,8800,2.1652,2.2563486099243164
5,1,0.2,5,128,768,4096,8800,2.172,2.250645160675049
5,1,0.2,5,128,1024,2048,8000,2.1565,2.2744250297546387
5,1,0.2,5,128,1024,3072,8800,2.129,2.252901792526245
5,1,0.2,5,128,1024,4096,8800,2.13,2.2488038539886475
5,1,0.25,5,128,512,2048,8400,2.2364,2.28432035446167
5,1,0.25,5,128,512,3072,8800,2.2271,2.2673914432525635
5,1,0.25,5,128,512,4096,8400,2.2332,2.282812118530273
5,1,0.25,5,128,768,2048,8400,2.1779,2.272747039794922
5,1,0.25,5,128,768,3072,8800,2.1592,2.261265277862549
5,1,0.25,5,128,768,4096,8400,2.1741,2.2719662189483643
5,1,0.25,5,128,1024,2048,8400,2.1422,2.276893138885498
5,1,0.25,5,128,1024,3072,8400,2.1352,2.2743618488311768
5,1,0.25,5,128,1024,4096,8400,2.1426,2.280146360397339
5,1,0.15,9,128,512,2048,5200,2.2557,2.3168745040893555
5,1,0.15,9,128,512,3072,4800,2.2687,2.30492639541626
5,1,0.15,9,128,512,4096,4800,2.2796,2.309004545211792
5,1,0.15,9,128,768,2048,5200,2.2316,2.3172285556793213
5,1,0.15,9,128,768,3072,4800,2.2599,2.304107427597046
5,1,0.15,9,128,768,4096,4800,2.2701,2.306800603866577
5,1,0.15,9,128,1024,2048,4800,2.2522,2.2933669090271
5,1,0.15,9,128,1024,3072,4800,2.268,2.304539918899536
5,1,0.15,9,128,1024,4096,4800,2.2816,2.3059351444244385
5,1,0.2,9,128,512,2048,11600,2.1329,2.253260612487793
5,1,0.2,9,128,512,3072,11600,2.1442,2.256985902786255
5,1,0.2,9,128,512,4096,11600,2.1618,2.261613607406616
5,1,0.2,9,128,768,2048,8000,2.1397,2.262119770050049
5,1,0.2,9,128,768,3072,8800,2.1336,2.2485196590423584
5,1,0.2,9,128,768,4096,12400,2.0381,2.2672581672668457
5,1,0.2,9,128,1024,2048,6400,2.1885,2.299877882003784
5,1,0.2,9,128,1024,3072,8400,2.1414,2.261284351348877
5,1,0.2,9,128,1024,4096,12400,2.0202,2.267698287963867
5,1,0.25,9,128,512,2048,11600,2.1274,2.2561404705047607
5,1,0.25,9,128,512,3072,8400,2.2007,2.273324012756348
5,1,0.25,9,128,512,4096,11600,2.1553,2.259974479675293
5,1,0.25,9,128,768,2048,8000,2.1264,2.2669661045074463
5,1,0.25,9,128,768,3072,8400,2.1407,2.2717788219451904
5,1,0.25,9,128,768,4096,11600,2.0352,2.2563817501068115
5,1,0.25,9,128,1024,2048,8000,2.1114,2.2687578201293945
5,1,0.25,9,128,1024,3072,8400,2.1184,2.263653039932251
5,1,0.25,9,128,1024,4096,11600,1.9977,2.2565736770629883
5,1,0.15,13,128,512,2048,4800,2.2592,2.302201271057129
5,1,0.15,13,128,512,3072,4800,2.2736,2.3033032417297363
5,1,0.15,13,128,512,4096,4800,2.2871,2.3096652030944824
5,1,0.15,13,128,768,2048,4800,2.2502,2.2968525886535645
5,1,0.15,13,128,768,3072,4800,2.2688,2.3080856800079346
5,1,0.15,13,128,768,4096,4800,2.2873,2.3144872188568115
5,1,0.15,13,128,1024,2048,4800,2.2737,2.3076486587524414
5,1,0.15,13,128,1024,3072,4800,2.2953,2.321265697479248
5,1,0.15,13,128,1024,4096,4800,2.3215,2.333638906478882
5,1,0.2,13,128,512,2048,12400,2.083,2.268245220184326
5,1,0.2,13,128,512,3072,11600,2.1367,2.259320974349976
5,1,0.2,13,128,512,4096,12400,2.1557,2.276206493377685
5,1,0.2,13,128,768,2048,8400,2.1212,2.2646901607513428
5,1,0.2,13,128,768,3072,12400,2.0133,2.2591145038604736
5,1,0.2,13,128,768,4096,12400,2.0964,2.273707628250122
5,1,0.2,13,128,1024,2048,11600,2.017,2.2447152137756348
5,1,0.2,13,128,1024,3072,11600,2.1109,2.260785818099976
5,1,0.2,13,128,1024,4096,12400,2.1603,2.2888851165771484
5,1,0.25,13,128,512,2048,8400,2.1752,2.2708816528320312
5,1,0.25,13,128,512,3072,8400,2.1963,2.2728917598724365
5,1,0.25,13,128,512,4096,12400,2.1413,2.2800962924957275
5,1,0.25,13,128,768,2048,8400,2.11,2.271202802658081
5,1,0.25,13,128,768,3072,8400,2.1504,2.2697978019714355
5,1,0.25,13,128,768,4096,8000,2.1966,2.2747514247894287
5,1,0.25,13,128,1024,2048,8400,2.1252,2.2703144550323486
5,1,0.25,13,128,1024,3072,8400,2.1847,2.281341552734375
5,1,0.25,13,128,1024,4096,12400,2.1026,2.279595375061035
5,1,0.15,17,128,512,2048,4800,2.2622,2.303898572921753
5,1,0.15,17,128,512,3072,4800,2.2802,2.3118162155151367
5,1,0.15,17,128,512,4096,4800,2.2963,2.312741994857788
5,1,0.15,17,128,768,2048,4800,2.2623,2.3047664165496826
5,1,0.15,17,128,768,3072,4800,2.2864,2.3089852333068848
5,1,0.15,17,128,768,4096,4800,2.3066,2.322842121124268
5,1,0.15,17,128,1024,2048,4800,2.3252,2.342328786849976
5,1,0.15,17,128,1024,3072,3200,2.731,2.73073148727417
5,1,0.15,17,128,1024,4096,3200,2.8011,2.801075220108032
5,1,0.2,17,128,512,2048,8400,2.1771,2.2649707794189453
5,1,0.2,17,128,512,3072,12400,2.1251,2.2704222202301025
5,1,0.2,17,128,512,4096,11600,2.1917,2.26243543624878
5,1,0.2,17,128,768,2048,8400,2.1438,2.2611429691314697
5,1,0.2,17,128,768,3072,11600,2.1072,2.256357192993164
5,1,0.2,17,128,768,4096,12400,2.1601,2.2772083282470703
5,1,0.2,17,128,1024,2048,12400,2.1198,2.2761967182159424
5,1,0.2,17,128,1024,3072,4000,2.801,2.7977094650268555
5,1,0.2,17,128,1024,4096,4000,2.8006,2.797521114349365
5,1,0.25,17,128,512,2048,8000,2.1758,2.271636724472046
5,1,0.25,17,128,512,3072,8400,2.2021,2.274088144302368
5,1,0.25,17,128,512,4096,8400,2.231,2.2834582328796387
5,1,0.25,17,128,768,2048,8400,2.1277,2.2653229236602783
5,1,0.25,17,128,768,3072,14800,1.9375,2.263889789581299
5,1,0.25,17,128,768,4096,8400,2.2248,2.28249740600586
5,1,0.25,17,128,1024,2048,11600,2.0947,2.254042387008667
5,1,0.25,17,128,1024,3072,3600,2.8004,2.7252259254455566
5,1,0.25,17,128,1024,4096,4000,2.8008,2.800217628479004
5,1,0.15,21,128,512,2048,4800,2.2665,2.301407814025879
5,1,0.15,21,128,512,3072,4800,2.2889,2.3138790130615234
5,1,0.15,21,128,512,4096,4800,2.3093,2.326042652130127
5,1,0.15,21,128,768,2048,4800,2.2769,2.305881261825561
5,1,0.15,21,128,768,3072,4800,2.3071,2.324589967727661
5,1,0.15,21,128,768,4096,4400,2.6931,2.5646753311157227
5,1,0.15,21,128,1024,2048,7200,2.7996,2.80889630317688
5,1,0.15,21,128,1024,3072,4400,2.8009,2.800821542739868
5,1,0.15,21,128,1024,4096,3200,2.8008,2.8013834953308105
5,1,0.2,21,128,512,2048,8400,2.1812,2.270185708999634
5,1,0.2,21,128,512,3072,12400,2.1528,2.274977207183838
5,1,0.2,21,128,512,4096,12400,2.2074,2.2840235233306885
5,1,0.2,21,128,768,2048,12400,2.035,2.263545274734497
5,1,0.2,21,128,768,3072,12400,2.1461,2.2802510261535645
5,1,0.2,21,128,768,4096,7200,2.7985,2.805481672286988
5,1,0.2,21,128,1024,2048,7200,2.7991,2.806297540664673
5,1,0.2,21,128,1024,3072,4000,2.8004,2.79758095741272
5,1,0.2,21,128,1024,4096,4000,2.8004,2.7975690364837646
5,1,0.25,21,128,512,2048,8400,2.1696,2.270685911178589
5,1,0.25,21,128,512,3072,8400,2.2131,2.27459979057312
5,1,0.25,21,128,512,4096,11600,2.2054,2.266393184661865
5,1,0.25,21,128,768,2048,8400,2.1528,2.272164821624756
5,1,0.25,21,128,768,3072,12400,2.1138,2.2735750675201416
5,1,0.25,21,128,768,4096,8400,2.3183,2.326317548751831
5,1,0.25,21,128,1024,2048,4000,2.8006,2.80026650428772
5,1,0.25,21,128,1024,3072,4000,2.8004,2.7997987270355225
5,1,0.25,21,128,1024,4096,2400,2.8007,2.809079885482788
5,2,0.15,1,128,512,2048,4800,2.334,2.3335509300231934
5,2,0.15,1,128,512,3072,4800,2.3283,2.32832670211792
5,2,0.15,1,128,512,4096,4800,2.3308,2.332441091537476
5,2,0.15,1,128,768,2048,4800,2.3214,2.322216510772705
5,2,0.15,1,128,768,3072,4800,2.3212,2.323673963546753
5,2,0.15,1,128,768,4096,4800,2.3224,2.3250107765197754
5,2,0.15,1,128,1024,2048,4800,2.3209,2.32632064819336
5,2,0.15,1,128,1024,3072,4800,2.3196,2.328448534011841
5,2,0.15,1,128,1024,4096,4800,2.3193,2.3261377811431885
5,2,0.2,1,128,512,2048,11600,2.2952,2.299712896347046
5,2,0.2,1,128,512,3072,11600,2.2898,2.295302391052246
5,2,0.2,1,128,512,4096,11600,2.2909,2.298756122589112
5,2,0.2,1,128,768,2048,11600,2.2751,2.28744912147522
5,2,0.2,1,128,768,3072,8800,2.2866,2.290488719940185
5,2,0.2,1,128,768,4096,11600,2.2724,2.296837091445923
5,2,0.2,1,128,1024,2048,6400,2.3047,2.333363771438598
5,2,0.2,1,128,1024,3072,6400,2.3038,2.3346734046936035
5,2,0.2,1,128,1024,4096,11600,2.2545,2.290456533432007
5,2,0.25,1,128,512,2048,11600,2.2959,2.295819997787476
5,2,0.25,1,128,512,3072,8800,2.3012,2.3029322624206543
5,2,0.25,1,128,512,4096,8400,2.3092,2.320861339569092
5,2,0.25,1,128,768,2048,8400,2.2961,2.3135952949523926
5,2,0.25,1,128,768,3072,8800,2.2867,2.2974534034729004
5,2,0.25,1,128,768,4096,11600,2.2711,2.2888753414154053
5,2,0.25,1,128,1024,2048,8800,2.2791,2.298497438430786
5,2,0.25,1,128,1024,3072,8800,2.2784,2.3014466762542725
5,2,0.25,1,128,1024,4096,8800,2.2777,2.2974066734313965
5,2,0.15,2,128,512,2048,4800,2.3009,2.3129003047943115
5,2,0.15,2,128,512,3072,4800,2.3011,2.3127481937408447
5,2,0.15,2,128,512,4096,4800,2.3016,2.311359167098999
5,2,0.15,2,128,768,2048,4800,2.2835,2.3036696910858154
5,2,0.15,2,128,768,3072,4800,2.2836,2.307668447494507
5,2,0.15,2,128,768,4096,4800,2.2832,2.307403802871704
5,2,0.15,2,128,1024,2048,4800,2.2779,2.3086674213409424
5,2,0.15,2,128,1024,3072,4800,2.2718,2.3003692626953125
5,2,0.15,2,128,1024,4096,4800,2.2735,2.3001279830932617
5,2,0.2,2,128,512,2048,6400,2.2857,2.320886850357056
5,2,0.2,2,128,512,3072,8800,2.2634,2.2766478061676025
5,2,0.2,2,128,512,4096,11600,2.2375,2.2706899642944336
5,2,0.2,2,128,768,2048,8800,2.2322,2.269787311553955
5,2,0.2,2,128,768,3072,8800,2.2283,2.2684476375579834
5,2,0.2,2,128,768,4096,8800,2.2281,2.2686893939971924
5,2,0.2,2,128,1024,2048,3600,2.2868,2.3084194660186768
5,2,0.2,2,128,1024,3072,6400,2.2411,2.3131492137908936
5,2,0.2,2,128,1024,4096,11600,2.1332,2.271672487258911
5,2,0.25,2,128,512,2048,8400,2.2714,2.298959970474243
5,2,0.25,2,128,512,3072,8800,2.2616,2.280977964401245
5,2,0.25,2,128,512,4096,8400,2.2678,2.296560049057007
5,2,0.25,2,128,768,2048,11600,2.1975,2.270777463912964
5,2,0.25,2,128,768,4096,8400,2.2346,2.2887001037597656
5,2,0.25,2,128,768,3072,8800,2.2265,2.2765204906463623
5,2,0.25,2,128,1024,2048,8800,2.2009,2.275432109832764
5,2,0.15,4,128,512,2048,4800,2.2771,2.300685167312622
5,2,0.25,2,128,1024,3072,8400,2.2068,2.288907051086426
5,2,0.25,2,128,1024,4096,8800,2.1902,2.26792573928833
5,2,0.15,4,128,512,3072,4800,2.2745,2.303938627243042
5,2,0.15,4,128,512,4096,4800,2.2789,2.3018414974212646
5,2,0.15,4,128,768,2048,4800,2.2508,2.293485164642334
5,2,0.15,4,128,768,3072,4800,2.2493,2.290014743804932
5,2,0.15,4,128,768,4096,4800,2.2548,2.2946560382843018
5,2,0.15,4,128,1024,2048,4800,2.2323,2.293498039245605
5,2,0.15,4,128,1024,3072,4800,2.2355,2.287280559539795
5,2,0.15,4,128,1024,4096,4800,2.2422,2.2969772815704346
5,2,0.2,4,128,512,2048,8800,2.2181,2.259629964828491
5,2,0.2,4,128,512,3072,11600,2.1794,2.2624542713165283
5,2,0.2,4,128,512,4096,11600,2.1801,2.260561227798462
5,2,0.2,4,128,768,2048,8800,2.1523,2.2593860626220703
5,2,0.2,4,128,768,3072,11600,2.072,2.250728130340576
5,2,0.2,4,128,768,4096,11600,2.0666,2.2669177055358887
5,2,0.2,4,128,1024,2048,11600,2.0048,2.2724390029907227
5,2,0.25,4,128,512,2048,8400,2.2283,2.282418727874756
5,2,0.2,4,128,1024,3072,8400,2.1075,2.271811962127685
5,2,0.2,4,128,1024,4096,11600,1.9476,2.2706756591796875
5,2,0.25,4,128,512,3072,8800,2.2194,2.2666332721710205
5,2,0.25,4,128,512,4096,8400,2.2251,2.2831714153289795
5,2,0.25,4,128,768,2048,5600,2.2263,2.288133382797241
5,2,0.25,4,128,768,4096,8000,2.1635,2.27413272857666
5,2,0.25,4,128,768,3072,8400,2.1552,2.2653744220733643
5,2,0.25,4,128,1024,2048,8400,2.1081,2.271525382995605
5,2,0.25,4,128,1024,3072,8400,2.1015,2.277890682220459
5,2,0.25,4,128,1024,4096,8000,2.1024,2.27648663520813
5,2,0.15,8,128,512,2048,4800,2.2554,2.296346426010132
5,2,0.15,8,128,512,3072,4800,2.2593,2.2967677116394043
5,2,0.15,8,128,512,4096,4800,2.2641,2.2970902919769287
5,2,0.15,8,128,768,2048,4800,2.2191,2.2908523082733154
5,2,0.15,8,128,768,3072,4800,2.2371,2.293383836746216
5,2,0.15,8,128,768,4096,4800,2.2479,2.296926736831665
5,2,0.15,8,128,1024,2048,4800,2.2153,2.2816922664642334
5,2,0.15,8,128,1024,3072,4800,2.2363,2.3007256984710693
5,2,0.15,8,128,1024,4096,4800,2.2538,2.297353029251098
5,2,0.2,8,128,512,2048,11600,2.1033,2.2514355182647705
5,2,0.2,8,128,512,3072,12400,2.0969,2.271258354187012
5,2,0.2,8,128,512,4096,11600,2.1277,2.2516632080078125
5,2,0.2,8,128,768,2048,8000,2.0901,2.260542392730713
5,2,0.2,8,128,768,3072,8400,2.1027,2.2603909969329834
5,2,0.2,8,128,1024,2048,8400,2.0216,2.247006893157959
5,2,0.2,8,128,768,4096,11600,1.9825,2.252990245819092
5,2,0.2,8,128,1024,3072,8800,2.0319,2.250267267227173
5,2,0.25,8,128,512,2048,8400,2.1752,2.2707395553588867
5,2,0.25,8,128,512,3072,8400,2.1839,2.271871328353882
5,2,0.25,8,128,512,4096,11600,2.1208,2.245039224624634
5,2,0.2,8,128,1024,4096,11600,1.9189,2.268027782440185
5,2,0.25,8,128,768,2048,11600,1.9324,2.2656924724578857
5,2,0.25,8,128,768,3072,8400,2.0896,2.266611099243164
5,2,0.25,8,128,768,4096,8400,2.1027,2.263622045516968
5,2,0.25,8,128,1024,2048,8400,2.0062,2.271101474761963
5,2,0.25,8,128,1024,3072,8000,2.0573,2.2621865272521973
5,2,0.25,8,128,1024,4096,8000,2.088,2.2690885066986084
5,2,0.15,12,128,512,2048,4800,2.2459,2.287999629974365
5,2,0.15,12,128,512,3072,5200,2.2517,2.314185857772827
5,2,0.15,12,128,512,4096,4800,2.2697,2.3035759925842285
5,2,0.15,12,128,768,2048,4800,2.2241,2.283280849456787
5,2,0.15,12,128,768,3072,4800,2.247,2.297138214111328
5,2,0.15,12,128,768,4096,4800,2.2659,2.3060779571533203
5,2,0.15,12,128,1024,2048,4800,2.2407,2.293075561523437
5,2,0.15,12,128,1024,3072,4800,2.2637,2.3067421913146973
5,2,0.15,12,128,1024,4096,4800,2.2826,2.317275285720825
5,2,0.2,12,128,512,2048,8400,2.1524,2.2663519382476807
5,2,0.2,12,128,512,3072,12400,2.0717,2.2629616260528564
5,2,0.2,12,128,512,4096,11600,2.13,2.2549831867218018
5,2,0.2,12,128,768,2048,8400,2.06,2.2636611461639404
5,2,0.2,12,128,768,3072,5600,2.2107,2.2837228775024414
5,2,0.2,12,128,768,4096,8400,2.156,2.2644686698913574
5,2,0.2,12,128,1024,2048,8400,2.0643,2.254408597946167
5,2,0.2,12,128,1024,3072,8400,2.1251,2.2594056129455566
5,2,0.25,12,128,512,2048,8400,2.1494,2.267729997634888
5,2,0.25,12,128,512,3072,12400,2.0629,2.269284248352051
5,2,0.25,12,128,512,4096,8400,2.1914,2.277993440628052
5,2,0.2,12,128,1024,4096,12400,2.0067,2.2674145698547363
5,2,0.25,12,128,768,2048,8000,2.0604,2.2688114643096924
5,2,0.25,12,128,768,3072,8400,2.0901,2.261070966720581
5,2,0.25,12,128,768,4096,8400,2.136,2.2723660469055176
5,2,0.25,12,128,1024,2048,8000,2.054,2.268434524536133
5,2,0.25,12,128,1024,3072,8400,2.0899,2.26151180267334
5,2,0.15,16,128,512,2048,4800,2.2477,2.29463005065918
5,2,0.15,16,128,512,3072,4800,2.2683,2.309927463531494
5,2,0.15,16,128,512,4096,4800,2.2826,2.311659097671509
5,2,0.25,12,128,1024,4096,12400,1.9482,2.2710421085357666
5,2,0.15,16,128,768,2048,4800,2.2358,2.2930798530578613
5,2,0.15,16,128,768,3072,4800,2.2663,2.300990104675293
5,2,0.15,16,128,768,4096,4800,2.2841,2.3192694187164307
5,2,0.15,16,128,1024,3072,6400,2.5862,2.5689291954040527
5,2,0.15,16,128,1024,4096,7200,2.8,2.8089163303375244
5,2,0.15,16,128,1024,2048,12400,2.2881,2.339076042175293
5,2,0.2,16,128,512,2048,11600,2.0529,2.249287366867065
5,2,0.2,16,128,512,3072,11600,2.1128,2.25771427154541
5,2,0.2,16,128,512,4096,8000,2.2227,2.2800114154815674
5,2,0.2,16,128,768,2048,8400,2.0789,2.25681471824646
5,2,0.2,16,128,768,3072,8400,2.1564,2.2631330490112305
5,2,0.2,16,128,1024,3072,3600,2.8025,2.7990050315856934
5,2,0.2,16,128,768,4096,11600,2.1139,2.254473924636841
5,2,0.2,16,128,1024,2048,8000,2.1594,2.271498680114746
5,2,0.2,16,128,1024,4096,3200,2.8012,2.804334878921509
5,2,0.25,16,128,512,2048,8000,2.1501,2.2651398181915283
5,2,0.25,16,128,512,3072,11600,2.0899,2.2503983974456787
5,2,0.25,16,128,512,4096,11600,2.1409,2.256371021270752
5,2,0.25,16,128,768,2048,8400,2.0521,2.2581682205200195
5,2,0.25,16,128,768,3072,8000,2.1455,2.2710072994232178
5,2,0.25,16,128,1024,3072,3600,2.7219,2.707486629486084
5,2,0.25,16,128,1024,2048,8400,2.1193,2.2772676944732666
5,4,0.15,1,128,512,2048,4800,2.3156,2.3224570751190186
5,2,0.25,16,128,768,4096,11600,2.082,2.251608371734619
5,4,0.15,1,128,512,3072,4800,2.3185,2.3235011100769043
5,4,0.15,1,128,512,4096,4800,2.3149,2.3197476863861084
5,4,0.15,1,128,768,2048,4800,2.3053,2.317036867141724
5,4,0.15,1,128,768,3072,4800,2.3052,2.3147547245025635
5,4,0.15,1,128,768,4096,4800,2.3075,2.313905715942383
5,2,0.25,16,128,1024,4096,4000,2.8006,2.79997181892395
5,4,0.15,1,128,1024,2048,4800,2.3015,2.315773725509644
5,4,0.15,1,128,1024,3072,4800,2.3013,2.319106101989746
5,4,0.15,1,128,1024,4096,4800,2.2997,2.311539888381958
5,4,0.2,1,128,512,4096,8400,2.2877,2.3074748516082764
5,4,0.2,1,128,512,2048,11600,2.2756,2.287836790084839
5,4,0.2,1,128,512,3072,11600,2.2744,2.2891433238983154
5,4,0.2,1,128,768,3072,6400,2.2913,2.3259425163269043
5,4,0.2,1,128,768,2048,11600,2.2481,2.282470703125
5,4,0.2,1,128,768,4096,11600,2.2454,2.2843117713928223
5,4,0.2,1,128,1024,2048,8800,2.2558,2.280293703079224
5,4,0.2,1,128,1024,3072,6400,2.2825,2.321669578552246
5,4,0.2,1,128,1024,4096,8000,2.2596,2.301107883453369
5,4,0.25,1,128,512,2048,8400,2.2939,2.3125078678131104
5,4,0.25,1,128,512,3072,8400,2.2928,2.309272527694702
5,4,0.25,1,128,512,4096,8400,2.2892,2.307747602462769
5,4,0.25,1,128,768,3072,8400,2.2763,2.303058385848999
5,4,0.25,1,128,768,2048,11600,2.2498,2.2795443534851074
5,4,0.25,1,128,768,4096,8400,2.2747,2.304472208023072
5,4,0.25,1,128,1024,3072,8800,2.2523,2.290395021438598
5,4,0.25,1,128,1024,2048,11600,2.2301,2.2815492153167725
5,4,0.25,1,128,1024,4096,8400,2.2578,2.301377773284912
5,4,0.15,2,128,512,2048,4800,2.287,2.304473876953125
5,4,0.15,2,128,512,3072,4800,2.2887,2.3031084537506104
5,4,0.15,2,128,512,4096,4800,2.2876,2.302254438400269
5,4,0.15,2,128,768,2048,4800,2.2661,2.298979520797729
5,4,0.15,2,128,768,3072,4800,2.2686,2.3014707565307617
5,4,0.15,2,128,768,4096,4800,2.2706,2.30307674407959
5,4,0.15,2,128,1024,2048,4800,2.2491,2.297112226486206
5,4,0.15,2,128,1024,3072,4800,2.2497,2.2936081886291504
5,4,0.15,2,128,1024,4096,4800,2.2549,2.2997164726257324
5,4,0.2,2,128,512,2048,11600,2.2219,2.269132137298584
5,4,0.2,2,128,512,4096,8400,2.2501,2.286695003509521
5,4,0.2,2,128,512,3072,11600,2.2167,2.271008014678955
5,4,0.2,2,128,768,2048,8800,2.1961,2.266104459762573
5,4,0.2,2,128,768,3072,11600,2.145,2.2710893154144287
5,4,0.2,2,128,768,4096,11600,2.1412,2.26879358291626
5,4,0.2,2,128,1024,2048,8400,2.1646,2.276662826538086
5,4,0.2,2,128,1024,3072,8400,2.1558,2.276206493377685
5,4,0.2,2,128,1024,4096,8800,2.1409,2.2563321590423584
5,4,0.25,2,128,512,2048,8400,2.2532,2.291056632995605
5,4,0.25,2,128,512,3072,8400,2.2515,2.292715549468994
5,4,0.25,2,128,512,4096,8400,2.2495,2.286344289779663
5,4,0.25,2,128,768,2048,8800,2.198,2.274400472640991
5,4,0.25,2,128,768,3072,8400,2.2073,2.281231641769409
5,4,0.25,2,128,768,4096,8000,2.2131,2.288543939590454
5,4,0.25,2,128,1024,2048,5600,2.2282,2.286617040634156
5,4,0.15,4,128,512,2048,4800,2.2648,2.2948617935180664
5,4,0.25,2,128,1024,3072,8400,2.1548,2.277606964111328
5,4,0.25,2,128,1024,4096,8400,2.1533,2.279848098754883
5,4,0.15,4,128,512,3072,4800,2.2638,2.295698642730713
5,4,0.15,4,128,512,4096,4800,2.267,2.2990291118621826
5,4,0.15,4,128,768,2048,4800,2.2299,2.289520502090454
5,4,0.15,4,128,768,3072,4800,2.2338,2.286781072616577
5,4,0.15,4,128,768,4096,4800,2.2367,2.292942762374878
5,4,0.15,4,128,1024,2048,4800,2.2051,2.2893662452697754
5,4,0.15,4,128,1024,3072,4800,2.2061,2.2905924320220947
5,4,0.15,4,128,1024,4096,4800,2.2172,2.2950096130371094
5,4,0.2,4,128,512,2048,8800,2.1951,2.2519164085388184
5,4,0.2,4,128,512,3072,8400,2.2079,2.2742481231689453
5,4,0.2,4,128,512,4096,11600,2.1504,2.253190279006958
5,4,0.2,4,128,768,2048,8000,2.1312,2.272554636001587
5,4,0.2,4,128,768,3072,8000,2.1318,2.2660014629364014
5,4,0.2,4,128,768,4096,5600,2.205,2.2831404209136963
5,4,0.2,4,128,1024,2048,8800,2.0194,2.2556369304656982
5,4,0.2,4,128,1024,3072,8400,2.0306,2.255885362625122
5,4,0.2,4,128,1024,4096,8000,2.052,2.271407127380371
5,4,0.25,4,128,512,2048,8400,2.2076,2.277726650238037
5,4,0.25,4,128,512,3072,8400,2.2069,2.274320602416992
5,4,0.25,4,128,512,4096,8400,2.2059,2.273641347885132
5,4,0.25,4,128,768,2048,8000,2.1289,2.269464492797852
5,4,0.25,4,128,768,3072,8400,2.1153,2.2695531845092773
5,4,0.25,4,128,768,4096,8400,2.1106,2.2665140628814697
5,4,0.25,4,128,1024,3072,5200,2.1704,2.3053953647613525
5,4,0.25,4,128,1024,2048,8400,2.043,2.2773499488830566
5,4,0.15,8,128,512,2048,4800,2.2424,2.2934892177581787
5,4,0.25,4,128,1024,4096,8000,2.0406,2.2701869010925293
5,4,0.15,8,128,512,3072,4800,2.2496,2.298140048980713
5,4,0.15,8,128,512,4096,4800,2.2571,2.298017978668213
5,4,0.15,8,128,768,2048,4800,2.2005,2.2847254276275635
5,4,0.15,8,128,768,3072,4800,2.2204,2.286940574645996
5,4,0.15,8,128,768,4096,4800,2.2335,2.2923762798309326
5,4,0.15,8,128,1024,2048,4800,2.1807,2.2788074016571045
5,4,0.15,8,128,1024,3072,4800,2.2083,2.288103580474853
5,4,0.15,8,128,1024,4096,4800,2.2277,2.297935724258423
5,4,0.2,8,128,512,3072,11600,2.0796,2.253415584564209
5,4,0.2,8,128,512,2048,11600,2.0678,2.2468466758728027
5,4,0.2,8,128,512,4096,8800,2.1648,2.248704433441162
5,4,0.2,8,128,768,2048,4800,2.1889,2.280311584472656
5,4,0.2,8,128,768,3072,8400,2.0502,2.2584831714630127
5,4,0.2,8,128,768,4096,8000,2.101,2.2658963203430176
5,4,0.2,8,128,1024,2048,5600,2.1124,2.275947332382202
5,4,0.2,8,128,1024,3072,8000,2.0048,2.2642970085144043
5,4,0.25,8,128,512,2048,11600,2.0622,2.246234893798828
5,4,0.2,8,128,1024,4096,8000,2.0483,2.251819610595703
5,4,0.25,8,128,512,3072,8400,2.1609,2.272933959960937
5,4,0.25,8,128,768,2048,5200,2.1666,2.304349899291992
5,4,0.25,8,128,512,4096,8400,2.1741,2.266478538513184
5,4,0.25,8,128,768,3072,8000,2.0572,2.264312267303467
5,4,0.25,8,128,768,4096,8400,2.0678,2.26305890083313
5,4,0.25,8,128,1024,2048,8000,1.9547,2.267577171325684
5,4,0.15,12,128,512,2048,5200,2.2268,2.308474540710449
5,4,0.25,8,128,1024,3072,8000,1.981,2.2721264362335205
5,4,0.15,12,128,512,3072,5200,2.2428,2.316221237182617
5,4,0.25,8,128,1024,4096,8000,2.0165,2.262239694595337
5,4,0.15,12,128,512,4096,4800,2.2635,2.303209066390991
5,4,0.15,12,128,768,2048,5200,2.1872,2.3030223846435547
5,4,0.15,12,128,768,3072,4800,2.231,2.2962028980255127
5,4,0.15,12,128,768,4096,4800,2.2517,2.3039815425872803
5,4,0.15,12,128,1024,2048,4800,2.2087,2.289239883422852
5,4,0.15,12,128,1024,3072,4800,2.2423,2.29755973815918
5,4,0.15,12,128,1024,4096,4800,2.2633,2.2996726036071777
5,4,0.2,12,128,512,3072,8800,2.1406,2.2460200786590576
5,4,0.2,12,128,512,2048,11600,2.0217,2.2504217624664307
5,4,0.2,12,128,512,4096,8400,2.1844,2.272987127304077
5,4,0.2,12,128,768,2048,8000,2.0336,2.257096290588379
5,4,0.2,12,128,768,3072,8400,2.0689,2.2634875774383545
5,4,0.2,12,128,768,4096,8400,2.1214,2.264575242996216
5,4,0.2,12,128,1024,2048,8000,2.006,2.2681236267089844
5,4,0.2,12,128,1024,3072,8400,2.0552,2.2547619342803955
5,4,0.25,12,128,512,2048,8400,2.1254,2.2608933448791504
5,4,0.25,12,128,512,3072,8400,2.1501,2.268733263015747
5,4,0.2,12,128,1024,4096,11600,1.9511,2.268416404724121
5,4,0.25,12,128,512,4096,8800,2.1629,2.256208658218384
5,4,0.25,12,128,768,2048,8400,1.9965,2.262922763824463
5,4,0.25,12,128,768,3072,8000,2.065,2.258734703063965
5,4,0.25,12,128,768,4096,8400,2.0978,2.2676210403442383
5,4,0.25,12,128,1024,2048,5200,2.1475,2.301381349563598
5,4,0.15,16,128,512,2048,5200,2.23,2.3104188442230225
5,4,0.25,12,128,1024,3072,8000,2.0388,2.2633657455444336
5,4,0.15,16,128,512,3072,4800,2.2621,2.2997844219207764
5,4,0.25,12,128,1024,4096,8000,2.1048,2.261301755905152
5,4,0.15,16,128,512,4096,4800,2.277,2.3041625022888184
5,4,0.15,16,128,768,2048,4800,2.2184,2.288555860519409
5,4,0.15,16,128,768,3072,4800,2.2534,2.2989094257354736
5,4,0.15,16,128,768,4096,4800,2.2751,2.309683084487915
5,4,0.15,16,128,1024,3072,3200,2.801,2.801718235015869
5,4,0.15,16,128,1024,4096,4400,2.8012,2.799586772918701
5,4,0.2,16,128,512,2048,8000,2.1348,2.259641408920288
5,4,0.15,16,128,1024,2048,8400,2.1408,2.2720580101013184
5,4,0.2,16,128,512,3072,11600,2.0747,2.253081083297729
5,4,0.2,16,128,768,2048,8000,2.0489,2.2512543201446533
5,4,0.2,16,128,512,4096,12400,2.1178,2.2706754207611084
5,4,0.2,16,128,768,3072,9200,2.0789,2.262622356414795
5,4,0.2,16,128,1024,2048,8400,2.0784,2.267452955245972
5,4,0.2,16,128,768,4096,11600,2.0642,2.265512228012085
5,4,0.25,16,128,512,2048,8000,2.1295,2.2627272605896
5,4,0.2,16,128,1024,4096,7200,2.7993,2.805919885635376
5,4,0.25,16,128,512,3072,8000,2.168,2.2705204486846924
5,4,0.2,16,128,1024,3072,12400,2.2411,2.3251736164093018
5,4,0.25,16,128,512,4096,8400,2.1954,2.273827314376831
5,4,0.25,16,128,768,2048,8000,2.0263,2.2619519233703613
5,4,0.25,16,128,768,3072,8000,2.11,2.2616448402404785
5,4,0.25,16,128,1024,2048,4000,2.8005,2.799466133117676
5,4,0.25,16,128,768,4096,9200,2.1173,2.259622573852539
5,8,0.15,1,128,512,2048,4800,2.3072,2.3136463165283203
5,4,0.25,16,128,1024,3072,4000,2.8006,2.800342082977295
5,8,0.15,1,128,512,3072,4800,2.3074,2.316498279571533
5,8,0.15,1,128,512,4096,4800,2.3035,2.316730499267578
5,8,0.15,1,128,768,2048,4800,2.2912,2.307650089263916
5,4,0.25,16,128,1024,4096,2400,2.8007,2.809941053390503
5,8,0.15,1,128,768,3072,4800,2.2891,2.3094146251678467
5,8,0.15,1,128,768,4096,4800,2.2894,2.3070316314697266
5,8,0.15,1,128,1024,2048,4800,2.2806,2.306776285171509
5,8,0.15,1,128,1024,3072,4800,2.2774,2.302879810333252
5,8,0.15,1,128,1024,4096,4800,2.2796,2.310293912887573
5,8,0.2,1,128,512,2048,8400,2.2789,2.300789594650269
5,8,0.2,1,128,512,3072,11600,2.2581,2.28302264213562
5,8,0.2,1,128,512,4096,11600,2.2506,2.2814645767211914
5,8,0.2,1,128,768,2048,8400,2.2551,2.2965564727783203
5,8,0.2,1,128,768,3072,8800,2.2402,2.2710680961608887
5,8,0.2,1,128,1024,2048,8800,2.2193,2.269568681716919
5,8,0.2,1,128,768,4096,11600,2.2084,2.2751057147979736
5,8,0.2,1,128,1024,3072,11600,2.1615,2.2737035751342773
5,8,0.25,1,128,512,2048,8400,2.281,2.303227186203003
5,8,0.2,1,128,1024,4096,11600,2.1554,2.277893543243408
5,8,0.25,1,128,512,4096,8400,2.2762,2.3015296459198
5,8,0.25,1,128,512,3072,8800,2.2755,2.285059690475464
5,8,0.25,1,128,768,2048,8800,2.2463,2.279902219772339
5,8,0.25,1,128,768,4096,8400,2.2474,2.2894744873046875
5,8,0.25,1,128,768,3072,8800,2.24,2.27701997756958
5,8,0.25,1,128,1024,2048,8800,2.2203,2.273613929748535
5,8,0.25,1,128,1024,3072,8400,2.2236,2.29336929321289
5,8,0.25,1,128,1024,4096,8800,2.2,2.2733945846557617
5,8,0.15,2,128,512,2048,4800,2.2791,2.3047094345092773
5,8,0.15,2,128,512,3072,4800,2.2808,2.3026282787323
5,8,0.15,2,128,512,4096,4800,2.2793,2.2977941036224365
5,8,0.15,2,128,768,2048,4800,2.2527,2.2945568561553955
5,8,0.15,2,128,768,3072,4800,2.2556,2.291818380355835
5,8,0.15,2,128,768,4096,4800,2.2537,2.293903350830078
5,8,0.15,2,128,1024,2048,4800,2.2305,2.2929487228393555
5,8,0.15,2,128,1024,3072,4800,2.2285,2.288533926010132
5,8,0.15,2,128,1024,4096,4800,2.2315,2.29259729385376
5,8,0.2,2,128,512,2048,11600,2.1959,2.2656192779541016
5,8,0.2,2,128,512,3072,8800,2.2277,2.258832693099976
5,8,0.2,2,128,512,4096,11600,2.1941,2.2614166736602783
5,8,0.2,2,128,768,2048,8400,2.1777,2.2756142616271973
5,8,0.2,2,128,768,3072,8800,2.1617,2.2559399604797363
5,8,0.2,2,128,1024,3072,4800,2.222,2.2933945655822754
5,8,0.2,2,128,768,4096,11600,2.0908,2.2598228454589844
5,8,0.2,2,128,1024,2048,8400,2.1099,2.271886110305786
5,8,0.25,2,128,512,2048,8400,2.2361,2.284078359603882
5,8,0.25,2,128,512,3072,8400,2.2371,2.2844412326812744
5,8,0.2,2,128,1024,4096,8000,2.1121,2.282648801803589
5,8,0.25,2,128,768,2048,8400,2.1795,2.278903722763061
5,8,0.25,2,128,768,3072,8400,2.1757,2.275369644165039
5,8,0.25,2,128,512,4096,11600,2.1932,2.254638671875
5,8,0.25,2,128,768,4096,8400,2.1724,2.2763075828552246
5,8,0.25,2,128,1024,2048,8400,2.1094,2.2839274406433105
5,8,0.25,2,128,1024,3072,8400,2.1076,2.2753942012786865
5,8,0.15,4,128,512,2048,4800,2.2553,2.29069447517395
5,8,0.15,4,128,512,3072,4800,2.2536,2.290499925613404
5,8,0.25,2,128,1024,4096,8400,2.0948,2.2790887355804443
5,8,0.15,4,128,512,4096,4800,2.2595,2.294077157974243
5,8,0.15,4,128,768,2048,4800,2.2153,2.284056663513184
5,8,0.15,4,128,768,3072,4800,2.2156,2.2895004749298096
5,8,0.15,4,128,768,4096,4800,2.2206,2.2856597900390625
5,8,0.15,4,128,1024,2048,4800,2.1787,2.288959264755249
5,8,0.15,4,128,1024,3072,4800,2.1815,2.280234098434448
5,8,0.15,4,128,1024,4096,4800,2.1957,2.285521507263184
5,8,0.2,4,128,512,3072,8400,2.1865,2.264383554458618
5,8,0.2,4,128,512,2048,11600,2.1286,2.2582051753997803
5,8,0.2,4,128,512,4096,11600,2.1217,2.254502773284912
5,8,0.2,4,128,768,3072,8400,2.0787,2.2590718269348145
5,8,0.2,4,128,768,2048,8800,2.0596,2.236821413040161
5,8,0.2,4,128,768,4096,8400,2.0788,2.261514186859131
5,8,0.2,4,128,1024,2048,8000,1.9918,2.2835397720336914
5,8,0.2,4,128,1024,4096,5600,2.1315,2.279974460601806
5,8,0.2,4,128,1024,3072,8400,1.9642,2.268017768859864
5,8,0.25,4,128,512,2048,8400,2.1872,2.2734687328338623
5,8,0.25,4,128,512,3072,8400,2.1886,2.2685296535491943
5,8,0.25,4,128,512,4096,8400,2.1877,2.276395797729492
5,8,0.25,4,128,768,2048,8000,2.0914,2.273601531982422
5,8,0.25,4,128,768,3072,8400,2.0756,2.2647321224212646
5,8,0.25,4,128,768,4096,8400,2.0788,2.269059419631958
5,8,0.25,4,128,1024,2048,4400,2.1738,2.282935857772827
5,8,0.25,4,128,1024,3072,5200,2.1402,2.303107261657715
5,8,0.25,4,128,1024,4096,5200,2.1429,2.3003575801849365
5,8,0.15,8,128,512,2048,5200,2.2239,2.3072738647460938
5,8,0.15,8,128,512,3072,4800,2.2424,2.292302131652832
5,8,0.15,8,128,512,4096,5200,2.2421,2.3083584308624268
5,8,0.15,8,128,768,2048,4800,2.188,2.283078193664551
5,8,0.15,8,128,768,3072,4800,2.2053,2.281502485275269
5,8,0.15,8,128,768,4096,4800,2.2209,2.2918238639831543
5,8,0.15,8,128,1024,2048,4800,2.1518,2.2801454067230225
5,8,0.15,8,128,1024,3072,4800,2.1841,2.290677547454834
5,8,0.15,8,128,1024,4096,4800,2.2099,2.294006824493408
5,8,0.2,8,128,512,2048,8400,2.1341,2.256441354751587
5,8,0.2,8,128,512,3072,8400,2.1487,2.2575578689575195
5,8,0.2,8,128,512,4096,8400,2.1607,2.268354177474976
5,8,0.2,8,128,768,2048,8400,1.984,2.257654905319214
5,8,0.2,8,128,768,3072,8400,2.0105,2.259204387664795
5,8,0.2,8,128,1024,2048,4400,2.1445,2.276400089263916
5,8,0.2,8,128,768,4096,8000,2.065,2.255528211593628
5,8,0.2,8,128,1024,3072,5600,2.1123,2.280810832977295
5,8,0.2,8,128,1024,4096,5600,2.1496,2.279029130935669
5,8,0.25,8,128,512,2048,8400,2.134,2.2623302936553955
5,8,0.25,8,128,512,3072,8400,2.1429,2.2622647285461426
5,8,0.25,8,128,512,4096,8400,2.1565,2.2702231407165527
5,8,0.25,8,128,768,2048,8000,2.0003,2.269631862640381
5,8,0.25,8,128,768,3072,8400,2.0021,2.2628183364868164
5,8,0.25,8,128,768,4096,8000,2.0502,2.261608839035034
5,8,0.25,8,128,1024,2048,5200,2.0869,2.2990198135375977
5,8,0.15,12,128,512,2048,4800,2.2336,2.291502952575684
5,8,0.25,8,128,1024,3072,8000,1.9201,2.2673590183258057
5,8,0.25,8,128,1024,4096,8000,1.9726,2.2621469497680664
5,8,0.15,12,128,512,3072,5200,2.2355,2.311732053756714
5,8,0.15,12,128,512,4096,5200,2.2508,2.3182618618011475
5,8,0.15,12,128,768,2048,5200,2.1743,2.297969579696656
5,8,0.15,12,128,768,3072,4800,2.2214,2.289264440536499
5,8,0.15,12,128,768,4096,4800,2.2422,2.3029427528381348
5,8,0.15,12,128,1024,2048,4800,2.18,2.284987211227417
5,8,0.15,12,128,1024,3072,4800,2.224,2.300583600997925
5,8,0.15,12,128,1024,4096,4800,2.246,2.3058667182922363
5,8,0.2,12,128,512,2048,8400,2.1104,2.251915693283081
5,8,0.2,12,128,512,3072,8400,2.1391,2.256416082382202
5,8,0.2,12,128,512,4096,8800,2.1547,2.2455074787139893
5,8,0.2,12,128,768,2048,8000,1.9904,2.261725902557373
5,8,0.2,12,128,768,3072,8400,2.0283,2.25187349319458
5,8,0.2,12,128,1024,2048,5600,2.1009,2.2754034996032715
5,8,0.2,12,128,768,4096,11600,1.9153,2.2512476444244385
5,8,0.2,12,128,1024,3072,5600,2.1577,2.28782606124878
5,8,0.2,12,128,1024,4096,5600,2.1972,2.287398099899292
5,8,0.25,12,128,512,2048,8400,2.1049,2.2607696056365967
5,8,0.25,12,128,512,3072,8400,2.1329,2.272794246673584
5,8,0.25,12,128,512,4096,11600,2.0616,2.2447702884674072
5,8,0.25,12,128,768,2048,8400,1.9484,2.264331817626953
5,8,0.25,12,128,768,3072,8400,2.0059,2.253822088241577
5,8,0.25,12,128,768,4096,8000,2.084,2.26532244682312
5,8,0.25,12,128,1024,2048,8000,1.9087,2.2604076862335205
5,8,0.25,12,128,1024,3072,8000,1.9945,2.2613425254821777
5,8,0.15,16,128,512,2048,5200,2.2226,2.309173822402954
5,8,0.15,16,128,512,3072,4800,2.2596,2.3085262775421143
5,8,0.25,12,128,1024,4096,8000,2.0577,2.262845277786255
5,8,0.15,16,128,512,4096,4800,2.2724,2.302772521972656
5,8,0.15,16,128,768,2048,4800,2.2039,2.287945032119751
5,8,0.15,16,128,768,4096,4800,2.2658,2.306260347366333
5,8,0.15,16,128,1024,2048,4800,2.226,2.2954912185668945
5,8,0.15,16,128,768,3072,9200,2.1001,2.277529001235962
5,8,0.2,16,128,512,2048,8000,2.1194,2.262479782104492
5,8,0.15,16,128,1024,4096,7200,2.7275,2.7366819381713867
5,8,0.15,16,128,1024,3072,12400,2.2422,2.317279577255249
5,8,0.2,16,128,512,3072,12400,2.0206,2.262042284011841
5,8,0.2,16,128,512,4096,8400,2.1917,2.273776054382324
5,8,0.2,16,128,768,2048,5600,2.1426,2.278036832809448
5,8,0.2,16,128,768,3072,11600,1.9043,2.2566380500793457
5,8,0.2,16,128,1024,2048,8000,2.0318,2.2624213695526123
5,8,0.2,16,128,768,4096,11600,2.0225,2.2506542205810547
5,8,0.2,16,128,1024,4096,3600,2.8023,2.798351764678955
5,8,0.25,16,128,512,2048,8000,2.1101,2.258287191390991
5,8,0.2,16,128,1024,3072,8400,2.1831,2.283262252807617
5,8,0.25,16,128,512,3072,11600,2.0296,2.2380270957946777
5,8,0.25,16,128,512,4096,8400,2.1807,2.273949146270752
5,8,0.25,16,128,768,2048,8000,1.9794,2.2586774826049805
5,8,0.25,16,128,768,3072,8000,2.0832,2.2590036392211914
5,8,0.25,16,128,768,4096,8000,2.1431,2.267262935638428
5,8,0.25,16,128,1024,4096,2400,2.8018,2.810112953186035
5,12,0.15,1,128,768,2048,4800,2.2808,2.303739309310913
5,12,0.15,1,128,768,3072,4800,2.2808,2.309319019317627
5,8,0.25,16,128,1024,2048,11600,1.9625,2.2506425380706787
5,12,0.15,1,128,768,4096,4800,2.2808,2.307234048843384
5,12,0.2,1,128,768,2048,8800,2.2299,2.263102054595948
5,12,0.2,1,128,768,3072,8000,2.2369,2.291604995727539
5,12,0.2,1,128,768,4096,8800,2.2238,2.2742183208465576
5,12,0.25,1,128,768,2048,8800,2.2316,2.272589683532715
5,8,0.25,16,128,1024,3072,12400,2.2084,2.302632570266724
5,12,0.25,1,128,768,3072,8800,2.2253,2.2754106521606445
5,12,0.25,1,128,768,4096,8800,2.2259,2.2786827087402344
5,12,0.15,2,128,768,2048,4800,2.2443,2.288451910018921
5,12,0.15,2,128,768,3072,4800,2.2471,2.29072642326355
5,12,0.15,2,128,768,4096,4800,2.2456,2.291973114013672
5,12,0.2,2,128,768,2048,8800,2.1471,2.253591060638428
5,12,0.2,2,128,768,4096,8000,2.1663,2.280714988708496
5,12,0.2,2,128,768,3072,11600,2.0691,2.25864577293396
5,12,0.25,2,128,768,2048,8000,2.1682,2.274977207183838
5,12,0.25,2,128,768,3072,8400,2.1563,2.271897315979004
5,12,0.25,2,128,768,4096,8000,2.1639,2.2799174785614014
5,12,0.15,4,128,768,3072,4800,2.2117,2.2829158306121826
5,12,0.15,4,128,768,2048,4800,2.2078,2.285706281661988
5,12,0.15,4,128,768,4096,4800,2.2157,2.289146423339844
5,12,0.2,4,128,768,2048,8400,2.0622,2.259852409362793
5,12,0.2,4,128,768,4096,8000,2.0732,2.2648181915283203
5,12,0.2,4,128,768,3072,11600,1.9118,2.257731914520264
5,12,0.25,4,128,768,3072,8400,2.0607,2.2654364109039307
5,12,0.25,4,128,768,2048,8000,2.0784,2.268031120300293
5,12,0.25,4,128,768,4096,8400,2.0574,2.2656455039978027
5,12,0.15,8,128,768,2048,4800,2.1813,2.281365156173706
5,12,0.15,8,128,768,3072,4800,2.1992,2.288405179977417
5,12,0.15,8,128,768,4096,5200,2.1986,2.309291362762451
5,12,0.2,8,128,768,2048,8000,1.982,2.25948429107666
5,12,0.2,8,128,768,4096,5600,2.165,2.274133682250977
5,12,0.2,8,128,768,3072,8400,1.9909,2.254666805267334
5,12,0.25,8,128,768,2048,8000,1.9775,2.2642505168914795
5,12,0.25,8,128,768,4096,8000,2.0302,2.2593331336975098
5,12,0.25,8,128,768,3072,8400,1.9854,2.26114273071289
5,12,0.15,12,128,768,2048,4800,2.1898,2.28242564201355
5,12,0.15,12,128,768,4096,4800,2.2365,2.304285049438477
5,12,0.15,12,128,768,3072,8000,2.0789,2.265256881713867
5,12,0.2,12,128,768,2048,8400,1.9432,2.2509753704071045
5,12,0.2,12,128,768,3072,8400,2.0097,2.2488534450531006
5,12,0.2,12,128,768,4096,8400,2.0738,2.259291172027588
5,12,0.25,12,128,768,2048,8000,1.9518,2.262268304824829
5,12,0.25,12,128,768,3072,8400,1.9912,2.258232593536377
5,12,0.25,12,128,768,4096,8000,2.0688,2.260199069976806
5,12,0.15,16,128,768,2048,4800,2.1989,2.286133050918579
5,12,0.15,16,128,768,4096,4800,2.264,2.3038158416748047
5,12,0.15,16,128,768,3072,8400,2.1102,2.251025915145874
5,12,0.2,16,128,768,2048,8400,1.9546,2.25271224975586
5,12,0.2,16,128,768,3072,8000,2.0865,2.260655641555786
5,12,0.25,16,128,768,2048,8000,1.9644,2.261392593383789
5,12,0.2,16,128,768,4096,11600,2.0021,2.2478418350219727
5,16,0.15,1,128,512,2048,4800,2.2955,2.30830192565918
5,12,0.25,16,128,768,3072,8000,2.0613,2.252060413360596
5,16,0.15,1,128,512,3072,4800,2.2965,2.3116939067840576
5,16,0.15,1,128,512,4096,4800,2.293,2.308315753936768
5,16,0.15,1,128,768,2048,4800,2.2776,2.3026394844055176
5,16,0.15,1,128,768,3072,4800,2.2757,2.3047611713409424
5,16,0.15,1,128,768,4096,4800,2.2772,2.3039653301239014
5,16,0.15,1,128,1024,2048,4800,2.2611,2.2945098876953125
5,16,0.15,1,128,1024,3072,4800,2.2604,2.2995784282684326
5,16,0.15,1,128,1024,4096,4800,2.2621,2.302700519561768
5,12,0.25,16,128,768,4096,8400,2.1162,2.2706613540649414
5,16,0.2,1,128,512,2048,8400,2.262,2.290822505950928
5,16,0.2,1,128,512,3072,11600,2.2367,2.270536184310913
5,16,0.2,1,128,512,4096,11600,2.2309,2.2718422412872314
5,16,0.2,1,128,768,2048,8400,2.23,2.285354852676392
5,16,0.2,1,128,768,3072,8400,2.2253,2.285594940185547
5,16,0.2,1,128,768,4096,8800,2.212,2.2651844024658203
5,16,0.2,1,128,1024,2048,8800,2.1752,2.256619691848755
5,16,0.2,1,128,1024,3072,8800,2.1674,2.261321783065796
5,16,0.25,1,128,512,2048,8400,2.2636,2.292879819869995
5,16,0.2,1,128,1024,4096,8000,2.1839,2.2878966331481934
5,16,0.25,1,128,512,3072,8400,2.2655,2.2934272289276123
5,16,0.25,1,128,512,4096,8400,2.262,2.29305362701416
5,16,0.25,1,128,768,2048,8800,2.2222,2.2694954872131348
5,16,0.25,1,128,768,3072,8400,2.2252,2.2863857746124268
5,16,0.25,1,128,768,4096,8400,2.223,2.2877891063690186
5,16,0.25,1,128,1024,2048,8800,2.1771,2.270174264907837
5,16,0.25,1,128,1024,3072,8400,2.1812,2.287731885910034
5,16,0.15,2,128,512,2048,4800,2.2702,2.300530195236206
5,16,0.25,1,128,1024,4096,8400,2.1739,2.283280611038208
5,16,0.15,2,128,512,3072,4800,2.2699,2.299509048461914
5,16,0.15,2,128,512,4096,4800,2.2698,2.2987585067749023
5,16,0.15,2,128,768,2048,4800,2.2402,2.290325880050659
5,16,0.15,2,128,768,3072,4800,2.2428,2.288820743560791
5,16,0.15,2,128,768,4096,4800,2.2421,2.291135787963867
5,16,0.15,2,128,1024,2048,4800,2.2091,2.289103507995605
5,16,0.15,2,128,1024,3072,4800,2.2123,2.2874889373779297
5,16,0.15,2,128,1024,4096,4800,2.2102,2.2892730236053467
5,16,0.2,2,128,512,2048,8800,2.2119,2.2618210315704346
5,16,0.2,2,128,512,3072,8400,2.2194,2.278531789779663
5,16,0.2,2,128,512,4096,11600,2.1704,2.259650945663452
5,16,0.2,2,128,768,2048,8400,2.1481,2.270088195800781
5,16,0.2,2,128,768,3072,8400,2.1481,2.267850637435913
5,16,0.2,2,128,1024,2048,5600,2.1723,2.282467603683472
5,16,0.2,2,128,768,4096,8400,2.146,2.269495964050293
5,16,0.2,2,128,1024,3072,8000,2.0752,2.2736363410949707
5,16,0.25,2,128,512,2048,8800,2.2145,2.266260862350464
5,16,0.2,2,128,1024,4096,8400,2.0499,2.26967716217041
5,16,0.25,2,128,512,3072,8400,2.2213,2.279764175415039
5,16,0.25,2,128,768,2048,5200,2.2301,2.308061122894287
5,16,0.25,2,128,512,4096,8400,2.22,2.2779617309570312
5,16,0.25,2,128,768,3072,8400,2.148,2.2725117206573486
5,16,0.25,2,128,768,4096,8400,2.1429,2.273883581161499
5,16,0.25,2,128,1024,2048,8000,2.0767,2.2727363109588623
5,16,0.25,2,128,1024,4096,4400,2.2083,2.28865909576416
5,16,0.25,2,128,1024,3072,8000,2.0725,2.2709226608276367
5,16,0.15,4,128,512,2048,4800,2.2489,2.29054594039917
5,16,0.15,4,128,512,3072,4800,2.2496,2.2917604446411133
5,16,0.15,4,128,512,4096,4800,2.2502,2.288320302963257
5,16,0.15,4,128,768,2048,4800,2.2055,2.2845325469970703
5,16,0.15,4,128,768,4096,4800,2.2107,2.286280393600464
5,16,0.15,4,128,768,3072,4800,2.2058,2.2808632850646973
5,16,0.15,4,128,1024,2048,4800,2.1581,2.2821695804595947
5,16,0.15,4,128,1024,3072,4800,2.1647,2.2805118560791016
5,16,0.15,4,128,1024,4096,4800,2.1758,2.281955480575561
5,16,0.2,4,128,512,2048,11600,2.1012,2.252760887145996
5,16,0.2,4,128,512,3072,8400,2.174,2.2630910873413086
5,16,0.2,4,128,512,4096,11600,2.1001,2.253504991531372
5,16,0.2,4,128,768,2048,8800,2.0311,2.241288423538208
5,16,0.2,4,128,768,3072,8800,2.024,2.2332284450531006
5,16,0.2,4,128,1024,2048,4800,2.142,2.283376932144165
5,16,0.2,4,128,768,4096,8400,2.0474,2.2605600357055664
5,16,0.2,4,128,1024,3072,5600,2.0958,2.273028612136841
5,16,0.25,4,128,512,2048,8400,2.174,2.2689402103424072
5,16,0.25,4,128,512,3072,8400,2.1736,2.264869213104248
5,16,0.2,4,128,1024,4096,8000,1.9532,2.2629714012146
5,16,0.25,4,128,512,4096,8400,2.1722,2.2666616439819336
5,16,0.25,4,128,768,2048,8400,2.0524,2.269867420196533
5,16,0.25,4,128,768,3072,8000,2.0609,2.2597951889038086
5,16,0.25,4,128,1024,2048,5200,2.1157,2.296813726425171
5,16,0.25,4,128,768,4096,8400,2.0413,2.267096519470215
5,16,0.25,4,128,1024,3072,4400,2.1575,2.2806642055511475
5,16,0.15,8,128,512,2048,5200,2.2203,2.306072235107422
5,16,0.25,4,128,1024,4096,8000,1.9417,2.2707884311676025
5,16,0.15,8,128,512,3072,4800,2.239,2.2883005142211914
5,16,0.15,8,128,512,4096,5200,2.2359,2.3096439838409424
5,16,0.15,8,128,768,2048,4800,2.1772,2.275949716567993
5,16,0.15,8,128,768,3072,5200,2.1809,2.3012306690216064
5,16,0.15,8,128,768,4096,5200,2.1956,2.3065221309661865
5,16,0.15,8,128,1024,2048,4800,2.1349,2.2842912673950195
5,16,0.15,8,128,1024,3072,5200,2.1398,2.2987539768218994
5,16,0.15,8,128,1024,4096,8000,2.0207,2.259356737136841
5,16,0.2,8,128,512,2048,8400,2.1199,2.25446891784668
5,16,0.2,8,128,512,3072,8400,2.1313,2.2604007720947266
5,16,0.2,8,128,512,4096,8400,2.1489,2.2597463130950928
5,16,0.2,8,128,768,2048,8000,1.9741,2.2625532150268555
5,16,0.2,8,128,768,3072,8000,2.0067,2.2545390129089355
5,16,0.2,8,128,1024,2048,4400,2.1294,2.273939847946167
5,16,0.2,8,128,768,4096,8400,2.0148,2.2485976219177246
5,16,0.2,8,128,1024,3072,8400,1.8556,2.260810852050781
5,16,0.25,8,128,512,2048,8000,2.1292,2.261708498001098
5,16,0.2,8,128,1024,4096,8000,1.9558,2.268460988998413
5,16,0.25,8,128,512,3072,8400,2.1303,2.262577533721924
5,16,0.25,8,128,512,4096,8400,2.144,2.265433549880981
5,16,0.25,8,128,768,2048,8000,1.9664,2.271541118621826
5,16,0.25,8,128,768,3072,8000,1.9928,2.266388177871704
5,16,0.25,8,128,1024,2048,4400,2.1209,2.2789318561553955
5,16,0.25,8,128,1024,3072,4400,2.1464,2.284051418304444
5,16,0.25,8,128,768,4096,8400,1.9994,2.259308338165283
5,16,0.15,12,128,512,2048,4800,2.2299,2.2918529510498047
5,16,0.25,8,128,1024,4096,8000,1.9306,2.264986515045166
5,16,0.15,12,128,512,3072,5200,2.2333,2.313750982284546
5,16,0.15,12,128,512,4096,4800,2.2557,2.304917573928833
5,16,0.15,12,128,768,2048,4800,2.1839,2.2868831157684326
5,16,0.15,12,128,768,4096,4800,2.2345,2.295976161956787
5,16,0.15,12,128,768,3072,8000,2.0726,2.261259794235229
5,16,0.15,12,128,1024,2048,4800,2.1632,2.2809345722198486
5,16,0.15,12,128,1024,3072,4800,2.2147,2.2984652519226074
5,16,0.2,12,128,512,2048,11600,1.9678,2.2495062351226807
5,16,0.15,12,128,1024,4096,8400,2.1078,2.257457971572876
5,16,0.2,12,128,512,3072,8400,2.129,2.257020235061645
5,16,0.2,12,128,512,4096,11600,2.0561,2.241624355316162
5,16,0.2,12,128,768,2048,8000,1.9552,2.2539210319519043
5,16,0.2,12,128,768,3072,8400,1.9968,2.257631063461304
5,16,0.2,12,128,768,4096,8400,2.0655,2.252638339996338
5,16,0.2,12,128,1024,2048,5600,2.071,2.275608777999878
5,16,0.2,12,128,1024,3072,9200,1.8838,2.2551803588867188
5,16,0.2,12,128,1024,4096,8400,2.0261,2.2515907287597656
5,16,0.25,12,128,512,2048,8400,2.0972,2.262381792068481
5,16,0.25,12,128,512,3072,8000,2.1343,2.260817050933838
5,16,0.25,12,128,768,2048,5200,2.129,2.294311761856079
5,16,0.25,12,128,512,4096,8400,2.1508,2.2655861377716064
5,16,0.25,12,128,768,3072,8000,2.0053,2.2549097537994385
5,16,0.25,12,128,1024,2048,4400,2.1392,2.281701803207397
5,16,0.25,12,128,768,4096,8000,2.0637,2.263232707977295
5,16,0.25,12,128,1024,3072,8000,1.9448,2.258981466293335
5,16,0.25,12,128,1024,4096,8000,2.0148,2.2574732303619385
5,16,0.15,16,128,512,2048,5200,2.2233,2.310720920562744
5,16,0.15,16,128,512,3072,4800,2.2585,2.30647349357605
5,16,0.15,16,128,512,4096,4800,2.2716,2.313328981399536
5,16,0.15,16,128,768,2048,5200,2.1818,2.3075368404388428
5,16,0.15,16,128,768,3072,4800,2.2355,2.2970309257507324
5,16,0.15,16,128,768,4096,4800,2.2609,2.3025126457214355
5,16,0.15,16,128,1024,3072,3200,2.8009,2.8020682334899902
5,16,0.15,16,128,1024,2048,8400,2.1251,2.253852367401123
5,16,0.15,16,128,1024,4096,7200,2.8001,2.808671474456787
5,16,0.2,16,128,512,2048,8400,2.0944,2.262215137481689
5,16,0.2,16,128,512,3072,8400,2.1465,2.257822275161743
5,16,0.2,16,128,512,4096,8400,2.1832,2.2659332752227783
5,16,0.2,16,128,768,2048,5600,2.1339,2.277862310409546
5,16,0.2,16,128,768,3072,8000,2.0728,2.2542471885681152
5,16,0.2,16,128,768,4096,9200,2.0954,2.2679426670074463
5,16,0.2,16,128,1024,2048,8000,2.068,2.262430429458618
5,16,0.25,16,128,512,2048,8400,2.0869,2.261070489883423
5,16,0.2,16,128,1024,4096,7200,2.7993,2.805736541748047
5,16,0.2,16,128,1024,3072,12400,2.103,2.291737794876098
5,16,0.25,16,128,512,3072,8400,2.1358,2.265378713607788
5,16,0.25,16,128,512,4096,8800,2.1625,2.2527692317962646
5,16,0.25,16,128,768,2048,8400,1.9243,2.260637760162353
5,16,0.25,16,128,768,3072,8400,2.0239,2.256978273391724
5,16,0.25,16,128,768,4096,8000,2.1227,2.265456199645996
5,16,0.25,16,128,1024,2048,5200,2.1367,2.3032116889953613
5,16,0.25,16,128,1024,3072,4000,2.8007,2.7999696731567383
5,16,0.25,16,128,1024,4096,2400,2.8006,2.8098886013031006
